team_name,pcs_link
Coupland's Bakeries/Booth's Group Team,https://www.procyclingstats.com/team/couplands-bakeriesbooths-group-team-2022
New Zealand,https://www.procyclingstats.com/team/new-zealand-2022
Oxford Edge Cycling Team,https://www.procyclingstats.com/team/oxford-edge-cycling-team-2022
CNZ Selection Team,https://www.procyclingstats.com/team/cnz-selection-team-2022
Mitre 10 MEGA Masterton,https://www.procyclingstats.com/team/mitre-10-mega-masterton-2022
Fagan Motors Cycling Team,https://www.procyclingstats.com/team/fagan-motors-cycling-team-2022
ITM Cycling,https://www.procyclingstats.com/team/itm-cycling-2022
Trust House Team,https://www.procyclingstats.com/team/trust-house-team-2022
Cabjaks - Castelli,https://www.procyclingstats.com/team/cabjaks-castelli-2022
Base Solutions,https://www.procyclingstats.com/team/base-solutions-2022
Wellington City Council Team,https://www.procyclingstats.com/team/wellington-city-council-team-2022
New Zealand,https://www.procyclingstats.com/team/new-zealand-2021
Coupland's Bakeries/Booth's Group Team,https://www.procyclingstats.com/team/couplands-bakeriesbooths-group-team-2021
Kiwi Velo Team,https://www.procyclingstats.com/team/kiwi-velo-team-2021
Trust House Team,https://www.procyclingstats.com/team/trust-house-team-2021
Cycling New Zealand Team,https://www.procyclingstats.com/team/cycling-new-zealand-team-2021
Fruzio Development Team,https://www.procyclingstats.com/team/fruzio-development-team-2021
Mitre 10 MEGA Masterton,https://www.procyclingstats.com/team/mitre-10-mega-masterton-2021
Next Gen Racing by Resolve Technology,https://www.procyclingstats.com/team/next-gen-racing-by-resolve-technology-2021
Cabjaks - Castelli,https://www.procyclingstats.com/team/cabjaks-castelli-2021
Fagan Motors Cycling Team,https://www.procyclingstats.com/team/fagan-motors-cycling-team-2021
Wellington City Council Team,https://www.procyclingstats.com/team/wellington-city-council-team-2021
Herrera Sport                                     ,https://www.procyclingstats.com/team/herrera-sport-2021
Team Atletico Venezuela,https://www.procyclingstats.com/team/team-atletico-venezuela-2021
Deportivo Tachira ,https://www.procyclingstats.com/team/deportivo-tachira-2021
Osorio Group City Bikes Quit ,https://www.procyclingstats.com/team/osorio-group-city-bikes-quit-2021
Vzla Pais Futuro Fina Arroz ,https://www.procyclingstats.com/team/vzla-pais-futuro-fina-arroz-2021
Venezuela,https://www.procyclingstats.com/team/venezuela-2021
Panama,https://www.procyclingstats.com/team/panama-2021
JS Cycling ,https://www.procyclingstats.com/team/js-cycling-2021
 Tierra Tachirense Org Andino Ofertazo,https://www.procyclingstats.com/team/tierra-tachirense-org-andino-ofertazo-2021
 Team Saavedra ,https://www.procyclingstats.com/team/team-saavedra-2021
Jajó Trujillo Indet,https://www.procyclingstats.com/team/jajo-trujillo-indet-2021
Guerreros Arduvi Betel,https://www.procyclingstats.com/team/guerreros-arduvi-betel-2021
El Andinito Concafe Loteria Tachira,https://www.procyclingstats.com/team/el-andinito-concafe-loteria-tachira-2021
Vit Osorio Gw                                     ,https://www.procyclingstats.com/team/vit-osorio-gw-2021
Team Gestron Evolution Estancia Bolivar,https://www.procyclingstats.com/team/team-gestron-evolution-estancia-bolivar-2021
 Pamplona Osuna Sanki ,https://www.procyclingstats.com/team/pamplona-osuna-sanki-2021
 Agrofan Triple Tachira Seminaca ,https://www.procyclingstats.com/team/agrofan-triple-tachira-seminaca-2021
 Revivir Gob DC Yokosuna Gourmet ,https://www.procyclingstats.com/team/revivir-gob-dc-yokosuna-gourmet-2021
 Ultrabikex Especialized,https://www.procyclingstats.com/team/ultrabikex-especialized-2021
Club Guasa Bike Ecoplas,https://www.procyclingstats.com/team/club-guasa-bike-ecoplas-2021
Green Monkey,https://www.procyclingstats.com/team/green-monkey-2021
Andy Schleck - CP NVST - Immo Losch,https://www.procyclingstats.com/team/andy-schleck-cp-nvst-immo-losch-2021
Spain,https://www.procyclingstats.com/team/spain-2021
Laos,https://www.procyclingstats.com/team/laos-2020
Terengganu Inc. TSG Cycling Team,https://www.procyclingstats.com/team/terengganu-inc.-tsg-cycling-team-2020
Kelantan Cycling Team,https://www.procyclingstats.com/team/kelantan-cycling-team-2020
Cambodia Cycling Academy ,https://www.procyclingstats.com/team/cambodia-cycling-academy-2020
Thailand,https://www.procyclingstats.com/team/thailand-2020
Bikelife Dong Nai,https://www.procyclingstats.com/team/bikelife-dong-nai-2020
Cambodia,https://www.procyclingstats.com/team/cambodia-2020
KGB Jakarta,https://www.procyclingstats.com/team/kgb-jakarta-2020
JDT Cycling Team,https://www.procyclingstats.com/team/jdt-cycling-team-2020
Venezuela Pais Futuro Fina Arroz NR Osorio,https://www.procyclingstats.com/team/venezuela-pais-futuro-fina-arroz-nr-osorio-2020
Triple Tachira Hotel Venecia Feriad,https://www.procyclingstats.com/team/triple-tachira-hotel-venecia-feriad-2020
Deportivo Táchira,https://www.procyclingstats.com/team/deportivo-tachira-2020
NMV Osorio MU Training,https://www.procyclingstats.com/team/nmv-osorio-mu-training-2020
Gobierno de Miranda Trek,https://www.procyclingstats.com/team/gobierno-de-miranda-trek-2020
Fundacion Herrera Team HYF,https://www.procyclingstats.com/team/fundacion-herrera-team-hyf-2020
Lotería del Táchira ,https://www.procyclingstats.com/team/loteria-del-tachira-2020
Moys JHS Grupo Super Ahorro,https://www.procyclingstats.com/team/moys-jhs-grupo-super-ahorro-2020
Fundacion CicloCorso DC,https://www.procyclingstats.com/team/fundacion-ciclocorso-dc-2020
Team Gesprom Colombia,https://www.procyclingstats.com/team/team-gesprom-colombia-2020
G Tachira G Merida Inv Alexander Garcia La Roca,https://www.procyclingstats.com/team/g-tachira-g-merida-inv-alexander-garcia-la-roca-2020
IDERMI Ciclorepuestos Saavedra,https://www.procyclingstats.com/team/idermi-ciclorepuestos-saavedra-2020
JajoMTB Indet Trujillo,https://www.procyclingstats.com/team/jajomtb-indet-trujillo-2020
Liga Bogota Calzado Power Ulloa,https://www.procyclingstats.com/team/liga-bogota-calzado-power-ulloa-2020
Magdalena Colombia,https://www.procyclingstats.com/team/magdalena-colombia-2020
New Zealand,https://www.procyclingstats.com/team/new-zealand-2020
Memil - CCN Pro Cycling,https://www.procyclingstats.com/team/memil-ccn-pro-cycling-2020
Cycle House Racing Team,https://www.procyclingstats.com/team/cycle-house-racing-team-2020
Coupland's Bakeries Team,https://www.procyclingstats.com/team/coupland-s-bakeries-team-2020
Futuro Pro Cycling,https://www.procyclingstats.com/team/futuro-pro-cycling-2020
Trust House Team,https://www.procyclingstats.com/team/trust-house-team-2020
Velofit Australia,https://www.procyclingstats.com/team/velofit-australia-2020
Cabjaks - Castelli,https://www.procyclingstats.com/team/cabjaks-castelli-2020
WBS Cycling Team,https://www.procyclingstats.com/team/wbs-cycling-team-2020
Rally Cycling Women,https://www.procyclingstats.com/team/rally-cycling-women-2020
Roxsolt Attaquer,https://www.procyclingstats.com/team/roxsolt-attaquer-2020
Bepink ,https://www.procyclingstats.com/team/bepink-2020
Astana Womens Team,https://www.procyclingstats.com/team/astana-womens-team-2020
Specialized Women's Racing,https://www.procyclingstats.com/team/specialized-women-s-racing-2020
UniSA-Australia,https://www.procyclingstats.com/team/unisa-australia-2020
Doltcini - Van Eyck Sport,https://www.procyclingstats.com/team/doltcini-van-eyck-sport-2020
Agolico,https://www.procyclingstats.com/team/agolico-2020
Eritrea,https://www.procyclingstats.com/team/eritrea-2020
Algeria,https://www.procyclingstats.com/team/algeria-2020
Morocco,https://www.procyclingstats.com/team/morocco-2020
Rwanda,https://www.procyclingstats.com/team/rwanda-2020
Burkina Faso,https://www.procyclingstats.com/team/burkina-faso-2020
Cameroon,https://www.procyclingstats.com/team/cameroun-2020
Ivory Coast,https://www.procyclingstats.com/team/ivory-coast-2020
Gabon,https://www.procyclingstats.com/team/gabon-2020
Kazakhstan,https://www.procyclingstats.com/team/kazakhstan-2020
Belarus,https://www.procyclingstats.com/team/belarus-2020
Ukraine,https://www.procyclingstats.com/team/ukraine-2020
Team Skoda Fruzio,https://www.procyclingstats.com/team/team-skoda-fruzio-2020
Russia,https://www.procyclingstats.com/team/russia-2020
Argentina,https://www.procyclingstats.com/team/argentina-2020
Sindicato de Empleados Públicos of San Juan,https://www.procyclingstats.com/team/sindicato-empleados-publicos-of-san-juan-2020
Italy,https://www.procyclingstats.com/team/italy-2020
Brazil,https://www.procyclingstats.com/team/brasil-2020
Venezuela,https://www.procyclingstats.com/team/venezuela-2020
Panama,https://www.procyclingstats.com/team/panama-2020
Agrupación Virgen de Fatima,https://www.procyclingstats.com/team/agrupacion-virgen-de-fatima-2020
Peru,https://www.procyclingstats.com/team/peru-2020
Korda Mentha Real Estate Australia,https://www.procyclingstats.com/team/korda-mentha-real-estate-australia-2020
Switzerland,https://www.procyclingstats.com/team/switzerland-2020
Bepink ,https://www.procyclingstats.com/team/bepink-2019
UniSA-Australia,https://www.procyclingstats.com/team/unisa-australia-2019
New Zealand,https://www.procyclingstats.com/team/new-zealand-2019
Alé Cipollini ,https://www.procyclingstats.com/team/ala-cipollini-2019
Sydney University,https://www.procyclingstats.com/team/sydney-university-2019
Swapit Agolico,https://www.procyclingstats.com/team/swapit-agolico-2019
Doltcini - Van Eyck Sport,https://www.procyclingstats.com/team/doltcini-van-eyck-sport-2019
Rally UHC Cycling Women,https://www.procyclingstats.com/team/rally-uhc-cycling-women-2019
Specialized Women's Racing,https://www.procyclingstats.com/team/specialized-women-s-racing-2019
Astana Womens Team,https://www.procyclingstats.com/team/astana-womens-team-2019
Gusto StepFWD KOM,https://www.procyclingstats.com/team/gusto-stepfwd-kom-2019
Gobierno De Miranda Trek,https://www.procyclingstats.com/team/gobierno-de-miranda-trek-2019
Grupo JHS,https://www.procyclingstats.com/team/grupo-jhs-2019
Miche ,https://www.procyclingstats.com/team/miche-2010
Loborika ,https://www.procyclingstats.com/team/loborika-2010
Geumsan Ginseng Asia ,https://www.procyclingstats.com/team/geumsan-ginseng-asia-2010
Kelly Benefit Strategies ,https://www.procyclingstats.com/team/kelly-benefit-strategies-2010
Team Type 1 ,https://www.procyclingstats.com/team/team-type-1-2010
Team Katusha ,https://www.procyclingstats.com/team/team-katusha-2010
Verandas Willems ,https://www.procyclingstats.com/team/verandas-willems-2010
Omega Pharma-Lotto ,https://www.procyclingstats.com/team/omega-pharma-lotto-2010
Team HTC - Columbia ,https://www.procyclingstats.com/team/team-htc-columbia-2010
Saxo Bank ,https://www.procyclingstats.com/team/saxo-bank-2010
Safi - Pasta Zara ,https://www.procyclingstats.com/team/safi-pasta-zara-2010
Lointek ,https://www.procyclingstats.com/team/lointek-2010
ESGL 93 - GSD Gestion,https://www.procyclingstats.com/team/esgl-93-gsd-gestion-2010
Kuota Speed Kueens,https://www.procyclingstats.com/team/kuota-speed-kueens-2010
S.C. Michela Fanini Rox,https://www.procyclingstats.com/team/s.c.-michela-fanini-rox-2010
Team Neotel ,https://www.procyclingstats.com/team/team-neotel-2010
Sigma Sport - Specialized ,https://www.procyclingstats.com/team/sigma-sport-specialized-2010
Team Differdange ,https://www.procyclingstats.com/team/team-differdange-2010
Mountain Khakis fueled by Jittery Joe’s ,https://www.procyclingstats.com/team/mountain-khakis-fueled-by-jittery-joe-s-2010
Telenet - Fidea ,https://www.procyclingstats.com/team/telenet-fidea-2010
MTN Energade Ladies Teams ,https://www.procyclingstats.com/team/mtn-energade-ladies-teams-2010
Vaiano - Riverauto,https://www.procyclingstats.com/team/vaiano-riverauto-2010
Obrazi Delo Revije ,https://www.procyclingstats.com/team/obrazi-delo-revije-2010
Netherlands,https://www.procyclingstats.com/team/netherlands-2010
Australia,https://www.procyclingstats.com/team/australia-2010
Great Britain,https://www.procyclingstats.com/team/great-britain-2010
Russia,https://www.procyclingstats.com/team/russia-2010
United States,https://www.procyclingstats.com/team/united-states-2010
Italy,https://www.procyclingstats.com/team/italy-national-team-2010
Slovenia,https://www.procyclingstats.com/team/slovenia-2010
ACS Chirio - Forno D'Asolo,https://www.procyclingstats.com/team/acs-chirio-forno-d-asolo-2010
Feniks - Petrogradets,https://www.procyclingstats.com/team/petrogradets-2010
Germany,https://www.procyclingstats.com/team/germany-2010
KED - Bianchi Rad - Team Berlin,https://www.procyclingstats.com/team/ked-bianchi-rad-team-berlin-2010
Rad-Team Hamburg,https://www.procyclingstats.com/team/rad-team-hamburg-2010
De Peddelaars / De Jong Laan,https://www.procyclingstats.com/team/de-peddelaars-de-jong-laan-2010
JENATEC - Cycling,https://www.procyclingstats.com/team/jenatec-cycling-2010
Austria,https://www.procyclingstats.com/team/austria-2010
Team Cycling Sports,https://www.procyclingstats.com/team/team-cycling-sports-2010
Team EGN Rose NRW U 23,https://www.procyclingstats.com/team/team-egn-rose-nrw-u-23-2010
Rock Werchters - Chocolade Jacques,https://www.procyclingstats.com/team/rock-werchter-chocolade-jacques-2010
Team LV Berlin,https://www.procyclingstats.com/team/team-lv-berlin-2010
Turkey,https://www.procyclingstats.com/team/turkey-2010
Debabarrena - Kirolgi,https://www.procyclingstats.com/team/debabarrena-kirolgi-2010
Peanut Butter & Co - TWENTY12,https://www.procyclingstats.com/team/peanut-butter-twenty12-2010
Roxsolt Liv SRAM,https://www.procyclingstats.com/team/roxsolt-liv-sram-2022
Jumbo-Visma,https://www.procyclingstats.com/team/team-jumbo-visma-2022
Cofidis Women Team,https://www.procyclingstats.com/team/cofidis-women-team-2022
IDEA-Indeportes Antioquia,https://www.procyclingstats.com/team/idea-indeportes-antioquia-2022
 Team Saavedra - Gelvez - Indenorte,https://www.procyclingstats.com/team/team-saavedra-2022
Global Cycling Team,https://www.procyclingstats.com/team/global-cycling-team-2022
JB - Calzado Power - Arroz Zulia,https://www.procyclingstats.com/team/jb-calzado-power-arroz-zulia-2022
Gran Mision Transporte Venezuela,https://www.procyclingstats.com/team/gran-mision-transporte-venezuela-2022
Deportivo Tachira ,https://www.procyclingstats.com/team/deportivo-tachira-2022
Venezuela Pais Futuro,https://www.procyclingstats.com/team/venezuela-pais-futuro-2022
Loteria del Tachira - Concafe Bandes,https://www.procyclingstats.com/team/loteria-del-tachira-concafe-bandes-2022
Fundacion Angeles Hernandez,https://www.procyclingstats.com/team/fundacion-angeles-hernandez-2022
Revivir Team Produgar Caracas,https://www.procyclingstats.com/team/revivir-team-produgar-caracas-2022
Herrera Sport - Ropa Deportiva                                    ,https://www.procyclingstats.com/team/herrera-sport-2022
Club Bici Sport Neiva Huila,https://www.procyclingstats.com/team/club-bici-sport-neiva-huila-2022
Farmacia del Ahorro - Gobernacion del Tachira,https://www.procyclingstats.com/team/farmacia-del-ahorro-gobernacion-del-tachira-2022
Team Gesprom Colombia,https://www.procyclingstats.com/team/team-gesprom-colombia-2022
Team Corratec America,https://www.procyclingstats.com/team/team-corratec-america-2022
CicloCorse,https://www.procyclingstats.com/team/ciclocorse-2022
MU Training - Banesco,https://www.procyclingstats.com/team/mu-training-banesco-2022
JHS - Grupo Moya,https://www.procyclingstats.com/team/jhs-grupo-moya-2022
Pegasus La Guaira,https://www.procyclingstats.com/team/pegasus-la-guaira-2022
Sabe Miel - BKC - Seleccion Aragua,https://www.procyclingstats.com/team/sabe-miel-bkc-seleccion-aragua-2022
Inversiones Alexander - Mundo Frio - Ferlab,https://www.procyclingstats.com/team/inversiones-alexander-mundo-frio-ferlab-2022
Club Leonardo Sierra Merida,https://www.procyclingstats.com/team/club-leonardo-sierra-merida-2022
Team Carabobo,https://www.procyclingstats.com/team/team-carabobo-2022
Barinas Indeporte,https://www.procyclingstats.com/team/barinas-indeporte-2022
Team Arkea Samsic,https://www.procyclingstats.com/team/team-arkea-samsic-2022
Bardiani-CSF-Faizane,https://www.procyclingstats.com/team/bardiani-csf-faizane-2022
Java Kiwi Atlantico,https://www.procyclingstats.com/team/java-kiwi-atlantico-2022
Electro Hiper Europa - Caldas,https://www.procyclingstats.com/team/electro-hiper-europa-2022
Manuela Fundacion Continental,https://www.procyclingstats.com/team/manuela-fundacion-continental-2022
Intermarche - Wanty - Gobert Materiaux,https://www.procyclingstats.com/team/intermarche-wanty-gobert-materiaux-2022
AG2R Citroen Team,https://www.procyclingstats.com/team/ag2r-citroen-team-2022
Shabab Al Ahli Cycling Team,https://www.procyclingstats.com/team/shabab-al-ahli-cycling-team-2022
Al Shafar Jumeirah Cycling Team,https://www.procyclingstats.com/team/al-shafar-jumeirah-cycling-team-2022
United Arab Emirates,https://www.procyclingstats.com/team/united-arab-emirates-2022
Dubai Police Cycling Team,https://www.procyclingstats.com/team/dubai-police-cycling-team-2022
Yasi Cycling Team,https://www.procyclingstats.com/team/yasi-cycling-team-2022
Roojai Cycling Team,https://www.procyclingstats.com/team/roojai-cycling-team-2022
Abu Dhabi Cycling Club,https://www.procyclingstats.com/team/abu-dhabi-cycling-club-2022
Algeria,https://www.procyclingstats.com/team/algeria-2022
Trek M7 Cycling Team,https://www.procyclingstats.com/team/trek-m7-cycling-team-2022
Morocco,https://www.procyclingstats.com/team/morocco-2022
Saudi Arabia,https://www.procyclingstats.com/team/saudi-arabia-2022
Al Nasr Club,https://www.procyclingstats.com/team/al-nasr-club-2022
Oman,https://www.procyclingstats.com/team/oman-2022
Torq Cycling Team,https://www.procyclingstats.com/team/torq-cycling-team-2022
Egypt,https://www.procyclingstats.com/team/egypt-2022
Bingoal Pauwels Sauces WB,https://www.procyclingstats.com/team/bingoal-pauwels-sauzen-wb-2022
Nice Metropole Cote d'Azur,https://www.procyclingstats.com/team/nice-metropole-cote-d-azur-2022
Go Sport - Roubaix Lille Metropole,https://www.procyclingstats.com/team/roubaix-lille-metropole-2022
Turkey,https://www.procyclingstats.com/team/turkey-2022
Viva Rovar,https://www.procyclingstats.com/team/viva-rovar-2022
Uzbekistan,https://www.procyclingstats.com/team/uzbekistan-2022
Velobayki Cycling Team,https://www.procyclingstats.com/team/velobayki-cycling-team-2022
Inex Siberian Team,https://www.procyclingstats.com/team/inex-siberian-team-2022
Russia,https://www.procyclingstats.com/team/russia-2022
Nursultan Cycling Team,https://www.procyclingstats.com/team/nursultan-cycling-team-2022
Konya Buyuksehir,https://www.procyclingstats.com/team/konya-buyuksehir-2022
Kazakhstan,https://www.procyclingstats.com/team/kazakhstan-2022
Valcar - Travel & Service,https://www.procyclingstats.com/team/valcar-travel-service-2022
Uno-X Pro Cycling Team,https://www.procyclingstats.com/team/uno-x-pro-cycling-team-we-2022
Stade Rochelais Charente-Maritime,https://www.procyclingstats.com/team/stade-rochelais-charente-maritime-2022
GT Krush Tunap Pro Cycling,https://www.procyclingstats.com/team/gt-krush-tunap-2022
Movistar Team,https://www.procyclingstats.com/team/movistar-women-team-2022
Bepink ,https://www.procyclingstats.com/team/bepink-2022
Laboral Kutxa Fundacion Euskadi,https://www.procyclingstats.com/team/laboral-kutxa-fundacion-euskadi-2022
Sopela Women's Team,https://www.procyclingstats.com/team/sopela-women-s-team-2022
Massi - Tactic Women Team,https://www.procyclingstats.com/team/massi-tactic-women-team-2022
Rio Miera - Cantabria Deporte,https://www.procyclingstats.com/team/rio-miera-cantabria-deporte-2022
Equipo Coraza,https://www.procyclingstats.com/team/equipo-coraza-2022
Sindicato Argentino de TV,https://www.procyclingstats.com/team/sindicato-argentino-de-tv-2022
Construcciones Zea - El Faro,https://www.procyclingstats.com/team/boyaca-construcciones-zea-2022
Sindicato de Empleados Publicos of San Juan,https://www.procyclingstats.com/team/sindicato-empleados-publicos-of-san-juan-2022
Agrupacion Virgen de Fatima - San Juan Biker Motos,https://www.procyclingstats.com/team/agrupacion-virgen-de-fatima-2022
KTM,https://www.procyclingstats.com/team/ktm-2022
Electro 3 - Gremios por el Deporte,https://www.procyclingstats.com/team/electro-3-gremios-por-el-deporte-2022
Cascos Naranjos,https://www.procyclingstats.com/team/cascos-naranjos-2022
Chorrileros Team,https://www.procyclingstats.com/team/chorrileros-team-2022
Team Venzo,https://www.procyclingstats.com/team/team-venzo-2022
Paraguay,https://www.procyclingstats.com/team/paraguay-2022
Team Eldo Osimani,https://www.procyclingstats.com/team/team-eldo-osimani-2022
Chile,https://www.procyclingstats.com/team/chile-2022
Vittal San Luis,https://www.procyclingstats.com/team/vittal-san-luis-2022
Castano Team,https://www.procyclingstats.com/team/castano-team-2022
Somos Ranqueles,https://www.procyclingstats.com/team/somos-ranqueles-2022
Colombia Tierra de Atletas - GW - Shimano,https://www.procyclingstats.com/team/colombia-tierra-de-atletas-gw-shimano-2022
Wildlife Generation Pro Cycling,https://www.procyclingstats.com/team/wildlife-generation-pro-cycling-2022
Germany,https://www.procyclingstats.com/team/germany-2022
Colombia Tierra de Atletas - GW Bicicletas - Shimano,https://www.procyclingstats.com/team/colombia-tierra-de-atletas-gw-bicicletas-2022
Human Powered Health,https://www.procyclingstats.com/team/human-powered-health-women-2022
DNA Pro Cycling,https://www.procyclingstats.com/team/dna-pro-cycling-2022
Team Banco Guayaquil - Ecuador,https://www.procyclingstats.com/team/team-banco-guayaquil-ecuador-2022
Team SmartDry - Girona Cycling City,https://www.procyclingstats.com/team/team-smartdry-girona-city-cycling-2022
Aviludo - Louletano - Loule Concelho,https://www.procyclingstats.com/team/aviludo-louletano-loule-concelho-2022
Atum general / Tavira / Maria Nova Hotel,https://www.procyclingstats.com/team/atum-general-tavira-maria-nova-hotel-2022
Tavfer-Mortagua-Ovos Matinados,https://www.procyclingstats.com/team/tavfer-measindot-mortagua-2022
W52 / FC Porto ,https://www.procyclingstats.com/team/w52-fc-porto-2022
Efapel Cycling,https://www.procyclingstats.com/team/efapel-cycling-2022
Radio Popular - Paredes - Boavista,https://www.procyclingstats.com/team/radio-popular-paredes-boavista-2022
Kelly / Simoldes / UDO ,https://www.procyclingstats.com/team/kelly-simoldes-udo-2022
L.A. Aluminios / Credibom / Marcos Car,https://www.procyclingstats.com/team/l.a.-aluminios-credibom-marcos-car-2022
Team Jumbo-Visma ,https://www.procyclingstats.com/team/team-jumbo-visma-women-2022
Roland Cogeas Edelweiss Squad,https://www.procyclingstats.com/team/rolland-cogeas-edelweiss-squad-2022
CAMS - Basso,https://www.procyclingstats.com/team/cams-basso-2022
Team Farto - BTC,https://www.procyclingstats.com/team/team-farto-btc-2022
Bingoal Casino - Chevalmeire - Van Eyck Sport,https://www.procyclingstats.com/team/bingoal--chevalmeire-van-eyck-sport-2022
Eneicat - RBH Global,https://www.procyclingstats.com/team/eneicat-rbh-global-2022
Movistar - Best PC,https://www.procyclingstats.com/team/movistar-best-pc-2022
MIX 1,https://www.procyclingstats.com/team/mix-1-2022
St Michel - Auber93 WE,https://www.procyclingstats.com/team/st-michel-auber93-we-2022
Sestroretsk,https://www.procyclingstats.com/team/sestroretsk-2022
Ferei - CCN Metalac,https://www.procyclingstats.com/team/ferei-ccn-metalac-2022
Belarus,https://www.procyclingstats.com/team/belarus-2022
CSA Steaua Bucharest,https://www.procyclingstats.com/team/csa-steaua-bucharest-2022
Minsk Cycling Club,https://www.procyclingstats.com/team/minsk-cycling-club-we-2022
Great Britain,https://www.procyclingstats.com/team/great-britain-2022
Rwanda,https://www.procyclingstats.com/team/rwanda-2022
Grant Thornton - Bike Zone,https://www.procyclingstats.com/team/grant-thornton-bike-zone-2022
Le Col - Wahoo,https://www.procyclingstats.com/team/le-col-wahoo-2022
NXTG by Experza,https://www.procyclingstats.com/team/nxtg-by-experza-2022
Arkea Pro Cycling Team,https://www.procyclingstats.com/team/arkea-pro-cycling-team-2022
Multum Accountants Ladies Cycling Team,https://www.procyclingstats.com/team/multum-accountants-ladies-cycling-team-2022
Plantur-Pura,https://www.procyclingstats.com/team/plantur-pura-2022
Italy,https://www.procyclingstats.com/team/italy-2022
Biesse - Carrera ,https://www.procyclingstats.com/team/biesse-carrera-2022
General Store Essegibi F.lli Curia,https://www.procyclingstats.com/team/general-store-essegibi-f.lli-curia-2022
Voster ATS Team,https://www.procyclingstats.com/team/voster-ats-team-2022
Jumbo-Visma Development Team,https://www.procyclingstats.com/team/jumbo-visma-development-team-2022
Hrinkow Advarics Cycleang,https://www.procyclingstats.com/team/hrinkow-advarics-cycleang-2022
mebloJOGI Pro-concrete,https://www.procyclingstats.com/team/meblojogi-pro-concrete-2022
Berthold Rad Team ,https://www.procyclingstats.com/team/berthold-rad-team-2022
Wielerploeg Groot Amsterdam,https://www.procyclingstats.com/team/wielerploeg-groot-amsterdam-2022
WV Schijndel,https://www.procyclingstats.com/team/wv-schijndel-2022
AWOL O'Shea,https://www.procyclingstats.com/team/awol-o-shea-2022
Team Drenthe,https://www.procyclingstats.com/team/team-drenthe-2022
GRC Jan van Arckel,https://www.procyclingstats.com/team/grc-jan-van-arckel-2022
Watersley Race & Development CT,https://www.procyclingstats.com/team/watersley-race-development-ct-2022
NWV Groningen,https://www.procyclingstats.com/team/nwvg-2022
Restore Cycling,https://www.procyclingstats.com/team/restore-cycling-2022
Cycling Sport Club ''OLYMP'',https://www.procyclingstats.com/team/cycling-sport-club-olymp-2022
Lithuania,https://www.procyclingstats.com/team/lithuania-2022
Queen sport club,https://www.procyclingstats.com/team/queen-sport-club-2022
Leagues Regional Team ,https://www.procyclingstats.com/team/leagues-regional-team-2022
Romania,https://www.procyclingstats.com/team/romania-2022
Ukraine,https://www.procyclingstats.com/team/ukraine-2022
Georgia,https://www.procyclingstats.com/team/georgia-2022
Slovakia,https://www.procyclingstats.com/team/slovakia-2022
Zaaf Cycling Team,https://www.procyclingstats.com/team/zaaf-cycling-team-2022
Aromitalia - Basso Bikes - Vaiano,https://www.procyclingstats.com/team/aromitalia-basso-bikes-vaiano-2022
Born To Win G20 Ambedo,https://www.procyclingstats.com/team/born-to-win-g20-ambedo-2022
Nice Metropole Cote d'Azur,https://www.procyclingstats.com/team/nice-metropole-cote-d-azur-club-2022
ATOM Deweloper Posciellux.pl Wroclaw,https://www.procyclingstats.com/team/atom-deweloper-posciellux.pl-wroclaw-2022
A.S.D. Women Cycling Project,https://www.procyclingstats.com/team/asd-team-1971-2022
BTC City Ljubljana Scott,https://www.procyclingstats.com/team/btc-city-ljubljana-scott-2022
Isolmant - Premac - Vittoria,https://www.procyclingstats.com/team/isolmant-premac-vittoria-2022
Team Mendelspeck,https://www.procyclingstats.com/team/team-mendelspeck-2022
Team Feminin Le Boulou,https://www.procyclingstats.com/team/team-feminin-le-boulou-2022
Premier Tech U23 Cycling Project,https://www.procyclingstats.com/team/premier-tech-u-23-cycling-project-2022
CC Nogent-sur-Oise,https://www.procyclingstats.com/team/cc-nogent-sur-oise-2022
Geofco-Doltcini Materiel Velo.com,https://www.procyclingstats.com/team/geofco-doltcini-2022
VC Amateur Saint-Quentin,https://www.procyclingstats.com/team/vc-amateur-saint-quentin-2022
VC Rouen 76,https://www.procyclingstats.com/team/vc-rouen-76-2022
VolkerWessels Cycling Team,https://www.procyclingstats.com/team/volkerwessels-cyclingteam-2022
Metec - SOLARWATT p/b Mantel,https://www.procyclingstats.com/team/metec-solarwatt-p-b-mantel-2022
Bingoal Pauwels Sauces WB Development Team,https://www.procyclingstats.com/team/bingoal-wb-development-team-2022
JEGG-DJR Academy,https://www.procyclingstats.com/team/jegg-djr-academy-2022
Austria,https://www.procyclingstats.com/team/austria-2022
Team Dauner | Akkon,https://www.procyclingstats.com/team/team-dauner-akkon-2022
Monda Vakantieparken - IJsselstreek,https://www.procyclingstats.com/team/wv-de-ijsselstreek-2022
Proximus-Alphamotorhomes-Doltcini,https://www.procyclingstats.com/team/proximus-alphamotorhomes-2022
Andy Schleck - CP NVST - Immo Losch,https://www.procyclingstats.com/team/andy-schleck-cp-nvst-immo-losch-2022
Lviv Cycling Team women,https://www.procyclingstats.com/team/lviv-cycling-team-women-2022
S-Bikes Doltcini ,https://www.procyclingstats.com/team/s-bikes-doltcini-2022
Switzerland,https://www.procyclingstats.com/team/switzerland-2022
Netherlands,https://www.procyclingstats.com/team/netherlands-2022
Team IBT - BH Carl Ras,https://www.procyclingstats.com/team/team-ibt-bh-carl-ras-2022
Greece,https://www.procyclingstats.com/team/greece-2022
Aeolos of Athens Cycling Team,https://www.procyclingstats.com/team/aeolos-of-athens-cycling-team-2022
TUFO - Pardus Prostejov,https://www.procyclingstats.com/team/tufo-pardus-prostejov-2022
Talos Anek Lines,https://www.procyclingstats.com/team/talos-anek-lines-2022
EuroCyclingTrips Pro Cycling Team,https://www.procyclingstats.com/team/eurocyclingtrips-pro-cycling-team-2022
Sweden Cycling Academy,https://www.procyclingstats.com/team/sweden-cycling-academy-2022
JV Perfis Windmob,https://www.procyclingstats.com/team/jv-perfis-windmob-2022
Almodovar-Delta Cafes-Credito Agricola,https://www.procyclingstats.com/team/credito-agricola-almodovar-2022
TWC De Kempen,https://www.procyclingstats.com/team/twc-de-kempen-2022
Santa Maria da Feira - Segmento d'Epoca,https://www.procyclingstats.com/team/santa-maria-da-feira-segmento-d-epoca-2022
Dutch Food Valley Cycling Team,https://www.procyclingstats.com/team/dutch-food-valley-cycling-team-2022
EFC-L&R-AGS,https://www.procyclingstats.com/team/efc-l-r-ags-2022
Willebrord Wil Vooruit,https://www.procyclingstats.com/team/willebrord-wil-vooruit-2022
Sensa - Kanjers voor Kanjers,https://www.procyclingstats.com/team/sensa-kanjers-voor-kanjers-2022
Luxembourg,https://www.procyclingstats.com/team/luxembourg-2022
France,https://www.procyclingstats.com/team/france-2022
Arvich Shargh Omidnia,https://www.procyclingstats.com/team/arvich-shargh-omidnia-2022
Iraq,https://www.procyclingstats.com/team/iraq-2022
Konya Bisiklet Sporu Kulubu Dernegi,https://www.procyclingstats.com/team/konya-bisiklet-sporu-kulubu-dernegi-2022
NF Kimya Cycling,https://www.procyclingstats.com/team/nf-kimya-cycling-2022
UC Trevigiani,https://www.procyclingstats.com/team/uc-trevigiani-campana-imballaggi-2022
Cycling Team Friuli ASD,https://www.procyclingstats.com/team/cycling-team-friuli-asd-2022
Solme - Imesa - Olmo,https://www.procyclingstats.com/team/solme-imesa-olmo-2022
Campana Imballaggi,https://www.procyclingstats.com/team/campana-imballaggi-2022
Carnovali - Rime,https://www.procyclingstats.com/team/carnovali-rime-2022
Named - Uptivo,https://www.procyclingstats.com/team/named-uptivo-2022
Arvedi  Cycling,https://www.procyclingstats.com/team/arvedi-cycling-2022
Casillo - Petroli Firenze - Hoppla,https://www.procyclingstats.com/team/casillo-petroli-firenze-hoppla-2022
ASD Pedale Scaligero,https://www.procyclingstats.com/team/asd-pedale-scaligero-2022
BRS Kaktus Bike,https://www.procyclingstats.com/team/brs-kaktus-bike-2022
KK Gorje,https://www.procyclingstats.com/team/kk-gorje-2022
Arbo headstart ON Fahrrad,https://www.procyclingstats.com/team/arbo-headstart-on-fahrrad-2022
Stageco Cycling Team,https://www.procyclingstats.com/team/stageco-cycling-team-2022
Team Metalced,https://www.procyclingstats.com/team/team-metalced-2022
Crazy Guidons,https://www.procyclingstats.com/team/crazy-guidons-2022
Wielerteam Decock-Van Eyck-Van Mossel,https://www.procyclingstats.com/team/wielerteam-decock-van-eyck-van-mossel-2022
Urbano - Vulsteke Cycling Team,https://www.procyclingstats.com/team/urbano-vulsteke-cycling-team-2022
Mini Discar Cycling Team,https://www.procyclingstats.com/team/mini-discar-ct-2022
Team BIKE AID Development,https://www.procyclingstats.com/team/team-bike-aid-development-2022
CC Etupes,https://www.procyclingstats.com/team/cc-etupes-2022
Kronos Nikeas,https://www.procyclingstats.com/team/kronos-nikeas-2022
Cyprus,https://www.procyclingstats.com/team/cyprus-2022
Corbas Lyon Metropole,https://www.procyclingstats.com/team/corbas-lyon-metropole-2022
Voltas Cycling Team,https://www.procyclingstats.com/team/voltas-cycling-team-2022
Cotes d'Armor-Marie Morin-U,https://www.procyclingstats.com/team/cotes-armor-cyclisme-2022
Vendee U ,https://www.procyclingstats.com/team/vendee-u-2022
VC Pays de Loudeac,https://www.procyclingstats.com/team/vc-pays-de-loudeac-2022
Laval Cyclisme 53,https://www.procyclingstats.com/team/laval-cyclisme-53-2022
Philippe Wagner Cycling,https://www.procyclingstats.com/team/philippe-wagner-cycling-2022
Comite Regional Normandie,https://www.procyclingstats.com/team/comite-regional-normandie-2022
South Africa,https://www.procyclingstats.com/team/south-africa-2022
Eritrea,https://www.procyclingstats.com/team/eritrea-2022
Tunisia,https://www.procyclingstats.com/team/tunisia-2022
Ethiopia,https://www.procyclingstats.com/team/ethiopia-2022
AG Insurance - NXTG Team,https://www.procyclingstats.com/team/ag-insurance-nxtg-team-2022
Martigues Sport Cyclisme Payden-Rygel,https://www.procyclingstats.com/team/martigues-sport-cyclisme-payden-rygel-2022
Hungary,https://www.procyclingstats.com/team/hungary-2022
Mauritius,https://www.procyclingstats.com/team/mauritius-2022
Pio Rico Cycling Team,https://www.procyclingstats.com/team/pio-rico-cyclingteam-2022
Bahrain,https://www.procyclingstats.com/team/bahrain-2022
EOLO-Kometa U23,https://www.procyclingstats.com/team/eolo-kometa-u23-2022
GS Sissio Team,https://www.procyclingstats.com/team/gs-sissio-team-2022
SC Valle Seriana - Cene ASD,https://www.procyclingstats.com/team/sc-valle-seriana-cene-asd-2022
UC Monaco,https://www.procyclingstats.com/team/uc-monaco-2022
Viris Vigevano,https://www.procyclingstats.com/team/viris-vigevano-2022
Japan,https://www.procyclingstats.com/team/japan-2022
Mongolia,https://www.procyclingstats.com/team/mongolia-2022
Iran,https://www.procyclingstats.com/team/iran-2022
Indonesia,https://www.procyclingstats.com/team/indonesia-2022
India,https://www.procyclingstats.com/team/india-2022
Denmark,https://www.procyclingstats.com/team/denmark-2022
Slovenia,https://www.procyclingstats.com/team/slovenia-2022
Norway,https://www.procyclingstats.com/team/norway-2022
Belgium,https://www.procyclingstats.com/team/belgium-2022
Spain,https://www.procyclingstats.com/team/spain-2022
Estonia,https://www.procyclingstats.com/team/estonia-2022
Latvia,https://www.procyclingstats.com/team/latvia-2022
Vlaanderen,https://www.procyclingstats.com/team/vlaanderen-2022
Poland,https://www.procyclingstats.com/team/poland-2022
Sweden,https://www.procyclingstats.com/team/sweden-2022
Wallonie   ,https://www.procyclingstats.com/team/wallonie-2022
Canada,https://www.procyclingstats.com/team/canada-2022
Epronex - Hungary Cycling Team,https://www.procyclingstats.com/team/epronex-hungary-cycling-team-2022
Parkpre Racing Team,https://www.procyclingstats.com/team/parkpre-racing-team-2022
Uganda,https://www.procyclingstats.com/team/uganda-2022
Go For Gold Philippines,https://www.procyclingstats.com/team/team-go-for-gold-2022
Thailand,https://www.procyclingstats.com/team/thailand-2022
Malaysia,https://www.procyclingstats.com/team/malaysia-2022
Singapore,https://www.procyclingstats.com/team/singapore-2022
KSPO Professional,https://www.procyclingstats.com/team/kspo-procycling-2022
Basso Team Flanders,https://www.procyclingstats.com/team/basso-team-flanders-2022
ACROG-Tormans,https://www.procyclingstats.com/team/acrog-tormans-2022
RB Zelfbouw UCT,https://www.procyclingstats.com/team/rb-zelfbouw-uct-2022
VDM -Trawobo Cycling Team,https://www.procyclingstats.com/team/vdm-trawobo-cycling-team-2022
Mysenlan-Baboco-Douterloigne,https://www.procyclingstats.com/team/mysenlan-baboco-douterloigne-2022
Mastromarco Sensi Nibali,https://www.procyclingstats.com/team/mastromarco-sensi-nibali-2022
Velo Club Villefranche Beaujolais,https://www.procyclingstats.com/team/velo-club-villefranche-beaujolais-2022
Occitane Cyclisme Formation,https://www.procyclingstats.com/team/occitane-cyclisme-formation-2022
Wales Racing Academy,https://www.procyclingstats.com/team/wales-racing-academy-2022
VC Unite Schwenheim,https://www.procyclingstats.com/team/vc-unite-schwenheim-2022
S.A.T.,https://www.procyclingstats.com/team/sat-2022
Team Formosa Hermosa,https://www.procyclingstats.com/team/team-formosa-hermosa-2022
Mani Zabala,https://www.procyclingstats.com/team/mani-zabala-2022
Cloronor Vivo Conecta,https://www.procyclingstats.com/team/cloronor-vivo-conecta-2022
Team Giant,https://www.procyclingstats.com/team/team-giant-2022
Club Ciclista Bragado,https://www.procyclingstats.com/team/bragado-2022
Live Biking Pro Race,https://www.procyclingstats.com/team/live-biking-pro-race-2022
Las Brenas Centenario,https://www.procyclingstats.com/team/las-brenas-centenario-2022
Fisherman's Friend Cycling Team,https://www.procyclingstats.com/team/fisherman-s-friend-cycling-team-2022
Cycling Development Foundation,https://www.procyclingstats.com/team/cycling-development-foundation-2022
KitchenQueens CyclingTeam,https://www.procyclingstats.com/team/kitchenqueens-cyclingteam-2022
Thailand Women's Cycling Team,https://www.procyclingstats.com/team/thailand-women-s-cycling-team-2022
Vietnam,https://www.procyclingstats.com/team/vietnam-2022
Sky Rider Women's Cycling,https://www.procyclingstats.com/team/sky-rider-women-s-cycling-2022
EN KKU Club Team,https://www.procyclingstats.com/team/en-kku-club-team-2022
TCP Club Team,https://www.procyclingstats.com/team/tcp-club-team-2022
Australia,https://www.procyclingstats.com/team/australia-2022
AG2R Citroen U23 Team,https://www.procyclingstats.com/team/ag2r-citroen-u23-team-2022
Dunkerque Grand Littoral,https://www.procyclingstats.com/team/dunkerque-grand-littoral-2022
A.R Monex Pro Cycling Team,https://www.procyclingstats.com/team/ar-monex-pro-cycling-team-2022
Serbia,https://www.procyclingstats.com/team/serbia-2022
Bosnia and Herzegovina,https://www.procyclingstats.com/team/bosnia-and-herzegovina-2022
DRC de Mol,https://www.procyclingstats.com/team/drc-de-mol-2015
John Deere Cycling team - NVWG,https://www.procyclingstats.com/team/nwvg-fila-nijwa-trucks-2017
Sprinter Nice Metropole,https://www.procyclingstats.com/team/sprinter-nice-metropole-2022
Team Arkea Samsic,https://www.procyclingstats.com/team/team-arkea-samsic-2021
Bardiani-CSF-Faizane,https://www.procyclingstats.com/team/bardiani-csf-2021
AG2R Citroen Team,https://www.procyclingstats.com/team/ag2r-citroen-team-2021
Intermarche - Wanty - Gobert Materiaux,https://www.procyclingstats.com/team/intermarche-wanty-gobert-materiaux-2021
Xelliss - Roubaix Lille Metropole,https://www.procyclingstats.com/team/xelliss-roubaix-lille-metropole-2021
Wildlife Generation Pro Cycling,https://www.procyclingstats.com/team/wildlife-generation-pro-cycling-2021
Ukraine,https://www.procyclingstats.com/team/ukraine-2021
Mega Saray,https://www.procyclingstats.com/team/mega-saray-2021
NF Kimya Cycling,https://www.procyclingstats.com/team/nf-kimya-cycling-2021
Marathon-Tula Cycling Team,https://www.procyclingstats.com/team/marathon-tula-cycling-team-2021
Belarus,https://www.procyclingstats.com/team/belarus-2021
Algeria,https://www.procyclingstats.com/team/algeria-2021
Switzerland,https://www.procyclingstats.com/team/switzerland-2021
Uzbekistan,https://www.procyclingstats.com/team/uzbekistan-2021
Kazakhstan,https://www.procyclingstats.com/team/kazakhstan-2021
Russia,https://www.procyclingstats.com/team/russia-2021
Azerbaijan,https://www.procyclingstats.com/team/azerbaijan-2021
Nursultan Cycling Team,https://www.procyclingstats.com/team/nursultan-cycling-team-2021
Vivarovar,https://www.procyclingstats.com/team/vivarovar-2021
Team KIBAG-OBOR-CKT,https://www.procyclingstats.com/team/team-kibag-obor-ckt-2021
Slovakia,https://www.procyclingstats.com/team/slovakia-2021
Trek Trakya,https://www.procyclingstats.com/team/trek-trakya-2021
CSA Steaua Bucharest,https://www.procyclingstats.com/team/csa-steaua-bucharest-2021
Sestroretsk,https://www.procyclingstats.com/team/sestroretsk-2021
Inex,https://www.procyclingstats.com/team/inex-2021
General Store Essegibi F.lli Curia,https://www.procyclingstats.com/team/general-store-essegibi-f.lli-curia-2021
Vini Zabu,https://www.procyclingstats.com/team/vini-zabu-2021
Italy,https://www.procyclingstats.com/team/italy-2021
Bingoal Casino - Chevalmeire Cycling Team ,https://www.procyclingstats.com/team/bingoal-casino-chevalmeire-cycling-team-2021
Belgium,https://www.procyclingstats.com/team/belgium-2021
Netherlands,https://www.procyclingstats.com/team/netherlands-2021
Drops - Le Col s/b TEMPUR.,https://www.procyclingstats.com/team/drops-2021
Women Cycling Team,https://www.procyclingstats.com/team/women-cycling-team-2021
NXTG Racing,https://www.procyclingstats.com/team/nxtg-racing-2021
GT Krush Tunap Pro Cycling,https://www.procyclingstats.com/team/gt-krush-tunap-2021
Multum Accountants Ladies Cycling Team,https://www.procyclingstats.com/team/multum-accountants-ladies-cycling-team-2021
InstaFund La Prima,https://www.procyclingstats.com/team/instafund-la-prima-2021
Arkea Pro Cycling Team,https://www.procyclingstats.com/team/arkea-pro-cycling-team-2021
Isorex No-Aqua Ladies Cycling Team,https://www.procyclingstats.com/team/isorex-no-aqua-ladies-cycling-team-2021
Lviv Cycling Team women,https://www.procyclingstats.com/team/lviv-cycling-team-women-2021
CAMS - Tifosi,https://www.procyclingstats.com/team/cams-tifosi-2021
Stade Rochelais Charente-Maritime Women Cycling,https://www.procyclingstats.com/team/stade-rochelais-charente-maritime-women-cycling-2021
Team Rupelcleaning,https://www.procyclingstats.com/team/team-rupelcleaning-2021
S-Bikes Doltcini ,https://www.procyclingstats.com/team/s-bikes-doltcini-2021
Movistar Team,https://www.procyclingstats.com/team/movistar-women-team-2021
Valcar - Travel & Service,https://www.procyclingstats.com/team/valcar-travel-service-2021
A.R. Monex Women's Pro Cycling Team,https://www.procyclingstats.com/team/ar-monex-womens-pro-cycling-team-2021
Ale BTC Ljubljana,https://www.procyclingstats.com/team/ale-btc-ljubljana-2021
Plantur-Pura,https://www.procyclingstats.com/team/plantur-pura-2021
Bingoal Pauwels Sauces WB,https://www.procyclingstats.com/team/bingoal-pauwels-sauzen-wb-2021
Cyprus,https://www.procyclingstats.com/team/cyprus-2021
TUFO - Pardus Prostejov,https://www.procyclingstats.com/team/tufo-pardus-prostejov-2021
Romania,https://www.procyclingstats.com/team/romania-2021
Bulgaria,https://www.procyclingstats.com/team/bulgaria-2021
Aeolos of Athens Cycling Team,https://www.procyclingstats.com/team/aeolos-of-athens-cycling-team-2021
Greece,https://www.procyclingstats.com/team/greece-2021
Bepink ,https://www.procyclingstats.com/team/bepink-2021
Isolmant - Premac - Vittoria,https://www.procyclingstats.com/team/isolmant-premac-vittoria-2021
Aromitalia - Basso Bikes - Vaiano,https://www.procyclingstats.com/team/aromitalia-basso-bikes-vaiano-2021
Massi - Tactic Women Team,https://www.procyclingstats.com/team/massi-tactic-women-team-2021
AG2R Citroen U23 Team,https://www.procyclingstats.com/team/ag2r-citroen-u23-team-2021
Slovenia,https://www.procyclingstats.com/team/slovenia-2021
Cycling Team Friuli ASD,https://www.procyclingstats.com/team/cycling-team-friuli-asd-2021
Wielerploeg Groot Amsterdam,https://www.procyclingstats.com/team/wielerploeg-groot-amsterdam-2021
Great Britain,https://www.procyclingstats.com/team/great-britain-2021
UC Monaco,https://www.procyclingstats.com/team/uc-monaco-2021
Velo Club Mendrisio,https://www.procyclingstats.com/team/velo-club-mendrisio-2021
Northwave Siatek Olmo,https://www.procyclingstats.com/team/northwave-siatek-olmo-2021
UC Trevigiani - Campana Imballaggi,https://www.procyclingstats.com/team/uc-trevigiani-campana-imballaggi-2021
Minsk CC U23,https://www.procyclingstats.com/team/minsk-cc-u23-2021
Rally Cycling Women,https://www.procyclingstats.com/team/rally-cycling-women-2021
Team Farto - BTC,https://www.procyclingstats.com/team/team-farto-btc-2021
Sopela Women's Team,https://www.procyclingstats.com/team/sopela-women-s-team-2021
Rio Miera - Cantabria Deporte,https://www.procyclingstats.com/team/rio-miera-cantabria-deporte-2021
Eneicat - RBH Global,https://www.procyclingstats.com/team/eneicat-rbh-global-2021
Laboral Kutxa Fundacion Euskadi,https://www.procyclingstats.com/team/laboral-kutxa-fundacion-euskadi-2021
Cogeas - Mettler Pro Cycling Team,https://www.procyclingstats.com/team/cogeas-mettler-pro-cycling-team-2021
Swiss Cycling,https://www.procyclingstats.com/team/swiss-cycling-2021
Louletano - Loule Concelho,https://www.procyclingstats.com/team/louletano-loule-concelho-2021
Jumbo-Visma Development Team,https://www.procyclingstats.com/team/jumbo-visma-development-team-2021
Martigues Sport Cyclisme Payden-Rygel,https://www.procyclingstats.com/team/martigues-sport-cyclisme-payden-rygel-2021
Team Ufusport,https://www.procyclingstats.com/team/team-ufusport-2021
Democratic Republic of the Congo,https://www.procyclingstats.com/team/democratic-republic-of-the-congo-2021
SNH Velo Club,https://www.procyclingstats.com/team/snh-velo-club-2021
Burkina Faso,https://www.procyclingstats.com/team/burkina-faso-2021
Cameroon,https://www.procyclingstats.com/team/cameroun-2021
Ivory Coast,https://www.procyclingstats.com/team/ivory-coast-2021
Global Cycling Team,https://www.procyclingstats.com/team/global-cycling-team-2021
Benin,https://www.procyclingstats.com/team/benin-2021
mebloJOGI Pro-concrete,https://www.procyclingstats.com/team/meblojogi-pro-concrete-2021
KK Bled ,https://www.procyclingstats.com/team/kk-bled-2021
Epronex - Gesu Bikewear Cycling Team,https://www.procyclingstats.com/team/epronex-gesu-bikewear-cycling-team-2021
Cycling Academy Trencin,https://www.procyclingstats.com/team/cycling-academy-trencin-2021
Headstart On Fahrrad,https://www.procyclingstats.com/team/headstart-on-fahrrad-2021
Amsterdam Racing Academy,https://www.procyclingstats.com/team/amsterdam-racing-academy-2021
Viris Vigevano,https://www.procyclingstats.com/team/viris-vigevano-2021
ASD GC Sissio Team,https://www.procyclingstats.com/team/asd-gc-sissio-team-2021
Arbo headstart ON Fahrrad,https://www.procyclingstats.com/team/arbo-headstart-on-fahrrad-2021
Velo Plus Racing Team Palazzago,https://www.procyclingstats.com/team/velo-plus-racing-team-palazzago-2021
ASD Pedale Scaligero,https://www.procyclingstats.com/team/asd-pedale-scaligero-2021
Petroli Firenze - Hoppla - Don Camillo,https://www.procyclingstats.com/team/petroli-firenze-hoppla-don-camillo-2021
Rappres va Interregionale,https://www.procyclingstats.com/team/rappres-va-interregionale-2021
Kometa U23,https://www.procyclingstats.com/team/kometa-u23-2021
Mastromarco Sensi Nibali,https://www.procyclingstats.com/team/mastromarco-sensi-nibali-2021
Holdsworth Zappi Team,https://www.procyclingstats.com/team/holdsworth-zappi-team-2021
LAN Service - GranMonferrato - Zheroquadro,https://www.procyclingstats.com/team/lan-service-granmonferrato-zheroquadro-2021
Aran Cucine Vejus,https://www.procyclingstats.com/team/aran-cucine-vejus-2021
Equipo Amateur Caja Rural - Serguros RGA,https://www.procyclingstats.com/team/equipo-amateur-caja-rural-seguros-rga-2021
#inEmiliaRomagna Cycling Team,https://www.procyclingstats.com/team/inemiliaromagna-cycling-team-2021
Gazprom-Rusvelo U23,https://www.procyclingstats.com/team/gazprom-rusvelo-u23-2021
Team Jumbo-Visma Women,https://www.procyclingstats.com/team/team-jumbo-visma-women-2021
Metec - SOLARWATT p/b Mantel,https://www.procyclingstats.com/team/metec-solarwatt-p-b-mantel-2021
Minsk Cycling Club,https://www.procyclingstats.com/team/minsk-cycling-club-we-2021
Cambodia Cycling Academy ,https://www.procyclingstats.com/team/cambodia-cycling-academy-2021
Dubai Police Cycling Team,https://www.procyclingstats.com/team/dubai-police-cycling-team-2021
L.A. Aluminios / L.A. Sport,https://www.procyclingstats.com/team/l.a.-aluminios-l.a.-sport-2021
Tavfer-Measindot-Mortagua,https://www.procyclingstats.com/team/tavfer-measindot-mortagua-2021
Kelly / Simoldes / UDO ,https://www.procyclingstats.com/team/kelly-simoldes-udo-2021
Atum general / Tavira / Maria Nova Hotel,https://www.procyclingstats.com/team/atum-general-tavira-maria-nova-hotel-2021
Korda Mentha Real Estate Australia,https://www.procyclingstats.com/team/korda-mentha-real-estate-australia-2019
Mike Greer Homes,https://www.procyclingstats.com/team/mike-greer-homes-2019
KOM Financial Advice Racing Team,https://www.procyclingstats.com/team/kom-financial-advice-racing-team-2019
"Cofidis, Solutions Credits",https://www.procyclingstats.com/team/cofidis-solutions-credits-2019
Fundacion Euskadi,https://www.procyclingstats.com/team/fundacia-n-euskadi-2019
Team Arkea Samsic,https://www.procyclingstats.com/team/team-arkea-samsic-2019
Spain,https://www.procyclingstats.com/team/spain-2019
Canyon dhb p/b Bloor Homes ,https://www.procyclingstats.com/team/canyon-dhb-pb-bloor-homes-2019
Team Arkea Samsic,https://www.procyclingstats.com/team/team-arkea-samsic-2020
Fundacion - Orbea,https://www.procyclingstats.com/team/fundacion-orbea-2020
Bardiani-CSF-Faizane,https://www.procyclingstats.com/team/bardiani-csf-2020
Vini Zabu - KTM,https://www.procyclingstats.com/team/vini-zabu-ktm-2020
Gios Kiwi Atlantico,https://www.procyclingstats.com/team/gios-kiwi-atlantico-2020
Natura4Ever - Roubaix Lille Metropole,https://www.procyclingstats.com/team/natura4ever-roubaix-lille-metropole-2020
Eritrea,https://www.procyclingstats.com/team/eritrea-2019
Algeria,https://www.procyclingstats.com/team/algeria-2019
Portugal,https://www.procyclingstats.com/team/portugal-2019
Monaco,https://www.procyclingstats.com/team/monaco-2019
Japan,https://www.procyclingstats.com/team/japan-2019
Ethiopia,https://www.procyclingstats.com/team/ethiopia-2019
Rwanda,https://www.procyclingstats.com/team/rwanda-2019
Ecuador,https://www.procyclingstats.com/team/ecuador-2019
Argentina,https://www.procyclingstats.com/team/argentina-2019
Mauritius,https://www.procyclingstats.com/team/mauritius-2019
Morocco,https://www.procyclingstats.com/team/morocco-2019
Burkina Faso,https://www.procyclingstats.com/team/burkina-faso-2019
Tunisia,https://www.procyclingstats.com/team/tunisia-2019
Cameroon,https://www.procyclingstats.com/team/cameroun-2019
Ivory Coast,https://www.procyclingstats.com/team/ivory-coast-2019
Benin,https://www.procyclingstats.com/team/benin-2019
Phillippine Navy Standard Insurence,https://www.procyclingstats.com/team/phillippine-navy-standard-insurence-2019
Team Army Bicycology,https://www.procyclingstats.com/team/team-army-bicycology-2019
Team Franzia,https://www.procyclingstats.com/team/team-franzia-2019
Bike Extreme Philippines,https://www.procyclingstats.com/team/bike-extreme-philippines-2019
Team Tarlac,https://www.procyclingstats.com/team/team-tarlac-2019
Sri Lanka Navy Cycle Team,https://www.procyclingstats.com/team/sri-lanka-navy-cycle-team-2019
Serbia,https://www.procyclingstats.com/team/serbia-2020
Antalya Genclik Spor Kulubu,https://www.procyclingstats.com/team/antalya-genclik-spor-kulubu-2020
Marathon-Tula Cycling Team,https://www.procyclingstats.com/team/marathon-tula-cycling-team-2020
Movistar Team,https://www.procyclingstats.com/team/movistar-women-team-2019
Health Mate - Cyclelive Team,https://www.procyclingstats.com/team/health-mate-cyclelive-team-2019
Valcar Cylance Cycling,https://www.procyclingstats.com/team/valcar-cylance-cycling-2019
Eneicat,https://www.procyclingstats.com/team/eneicat-2019
Massi - Tactic Women Team,https://www.procyclingstats.com/team/massi-tactic-2019
Colombia,https://www.procyclingstats.com/team/colombia-2020
Ecuador,https://www.procyclingstats.com/team/ecuador-2020
Nippo Vini Fantini Faizane,https://www.procyclingstats.com/team/nippo-vini-fantini-faizane-2019
Colombia,https://www.procyclingstats.com/team/colombia-2019
Italy,https://www.procyclingstats.com/team/italy-2019
Minsk Cycling Club,https://www.procyclingstats.com/team/minsk-cycling-club-we-2020
Sestroretsk,https://www.procyclingstats.com/team/sestroretsk-2020
Moscow Regional Team,https://www.procyclingstats.com/team/moscow-regional-team-2020
UniSA-Australia,https://www.procyclingstats.com/team/unisa-australia-2018
Ale Cipollini ,https://www.procyclingstats.com/team/ale-cipollini-2018
Bepink ,https://www.procyclingstats.com/team/bepink-2018
TIS Racing,https://www.procyclingstats.com/team/tis-racing-2018
New Zealand,https://www.procyclingstats.com/team/new-zealand-2018
Sho - Air TWENTY20,https://www.procyclingstats.com/team/sho-air-twenty20-2018
Trek - Drops,https://www.procyclingstats.com/team/trek-drops-2018
Specialized Women's Racing,https://www.procyclingstats.com/team/specialized-2018
Holden Team Gusto Racing,https://www.procyclingstats.com/team/holden-2018
Maaslandster International,https://www.procyclingstats.com/team/maaslandster-international-2018
Sydney Uni-Staminade Women's Cycling Team,https://www.procyclingstats.com/team/sydney-uni-staminade-women-s-cycling-team-2018
